year,brand_name,generic_name,diabetes_class,drug_fills,drug_spending,drug_claims,total_fills,total_spending,fills_market_share,spending_market_share
2019,METFORMIN HYDROCHLORIDE,METFORMIN HCL,Biguanides,876447.3999999987,21914504.489999957,762822.0,5652077.300000016,2147485217.309994,15.507,1.02
2019,LANTUS,INSULIN GLARGINE,Insulin,463709.3000000003,194860663.39000002,404187.0,5652077.300000016,2147485217.309994,8.204,9.074
2019,GLIPIZIDE,GLIPIZIDE,Sulfonylureas,411725.60000000003,8257613.81,358255.0,5652077.300000016,2147485217.309994,7.285,0.385
2019,GLIMEPIRIDE,GLIMEPIRIDE,Sulfonylureas,388250.3999999998,6991351.990000001,337748.0,5652077.300000016,2147485217.309994,6.869,0.326
2019,HUMALOG,INSULIN LISPRO,Insulin,385231.4000000001,146495229.7799998,335282.0,5652077.300000016,2147485217.309994,6.816,6.822
2019,JANUVIA,SITAGLIPTIN,DPP-4 inhibitors,335392.29999999993,160997653.3699999,292569.0,5652077.300000016,2147485217.309994,5.934,7.497
2019,JARDIANCE,EMPAGLIFLOZIN,SGLT2 inhibitors,335262.60000000003,191198635.65999967,292586.0,5652077.300000016,2147485217.309994,5.932,8.903
2019,NOVOLOG,INSULIN ASPART,Insulin,329624.90000000055,128353565.09999998,286387.0,5652077.300000016,2147485217.309994,5.832,5.977
2019,FARXIGA,DAPAGLIFLOZIN,SGLT2 inhibitors,316219.0,174204296.1299999,275430.0,5652077.300000016,2147485217.309994,5.595,8.112
2019,TRULICITY,DULAGLUTIDE,GLP-1 receptor agonists,295565.8000000001,260161726.20999995,256836.0,5652077.300000016,2147485217.309994,5.229,12.115
2019,VICTOZA,LIRAGLUTIDE,GLP-1 receptor agonists,222350.99999999974,182545035.44000015,192751.0,5652077.300000016,2147485217.309994,3.934,8.5
2019,OZEMPIC,SEMAGLUTIDE,GLP-1 receptor agonists,203306.30000000016,193051401.03000015,176074.0,5652077.300000016,2147485217.309994,3.597,8.99
2019,TRADJENTA,LINAGLIPTIN,DPP-4 inhibitors,200007.9999999998,93946901.90000008,174041.0,5652077.300000016,2147485217.309994,3.539,4.375
2019,INVOKANA,CANAGLIFLOZIN,SGLT2 inhibitors,179499.39999999982,94976636.83,156500.0,5652077.300000016,2147485217.309994,3.176,4.423
2019,TRESIBA,INSULIN DEGLUDEC,Insulin,164708.30000000005,75680308.50999998,142944.0,5652077.300000016,2147485217.309994,2.914,3.524
2019,TOUJEO,INSULIN GLARGINE,Insulin,152839.0000000002,67339161.97999991,132877.0,5652077.300000016,2147485217.309994,2.704,3.136
2019,PIOGLITAZONE HYDROCHLORIDE,PIOGLITAZONE HCL,Thiazolidinediones,144557.20000000007,5064649.490000002,125738.0,5652077.300000016,2147485217.309994,2.558,0.236
2019,ONGLYZA,SAXAGLIPTIN,DPP-4 inhibitors,79439.9000000001,35789211.92999996,69133.0,5652077.300000016,2147485217.309994,1.405,1.667
2019,RYBELSUS,SEMAGLUTIDE,GLP-1 receptor agonists,74629.00000000009,68587758.31000009,65074.0,5652077.300000016,2147485217.309994,1.32,3.194
2019,STEGLATRO,ERTUGLIFLOZIN,SGLT2 inhibitors,49477.19999999998,15852355.499999989,43002.0,5652077.300000016,2147485217.309994,0.875,0.738
2019,SYMLINPEN 120,PRAMLINTIDE ACETATE,Other diabetes therapies,26312.2,15787888.689999988,22841.0,5652077.300000016,2147485217.309994,0.466,0.735
2019,CYCLOSET,BROMOCRIPTINE MESYLATE,Other diabetes therapies,17521.1,5428667.769999995,15208.0,5652077.300000016,2147485217.309994,0.31,0.253
2020,METFORMIN HYDROCHLORIDE,METFORMIN HCL,Biguanides,981701.1999999995,25461256.469999995,853922.0,5868432.100000011,2395216376.3800006,16.729,1.063
2020,LANTUS,INSULIN GLARGINE,Insulin,443336.0000000003,193407919.53999996,384816.0,5868432.100000011,2395216376.3800006,7.555,8.075
2020,JARDIANCE,EMPAGLIFLOZIN,SGLT2 inhibitors,442853.59999999945,263100839.60999963,386069.0,5868432.100000011,2395216376.3800006,7.546,10.984
2020,FARXIGA,DAPAGLIFLOZIN,SGLT2 inhibitors,407232.4000000001,232452118.91000015,354154.0,5868432.100000011,2395216376.3800006,6.939,9.705
2020,GLIPIZIDE,GLIPIZIDE,Sulfonylureas,385023.70000000065,8004034.139999997,334412.0,5868432.100000011,2395216376.3800006,6.561,0.334
2020,GLIMEPIRIDE,GLIMEPIRIDE,Sulfonylureas,361353.3999999996,6780442.910000013,314784.0,5868432.100000011,2395216376.3800006,6.158,0.283
2020,HUMALOG,INSULIN LISPRO,Insulin,354347.2,140244630.16,307626.0,5868432.100000011,2395216376.3800006,6.038,5.855
2020,NOVOLOG,INSULIN ASPART,Insulin,312032.69999999995,126584276.09000008,270506.0,5868432.100000011,2395216376.3800006,5.317,5.285
2020,TRULICITY,DULAGLUTIDE,GLP-1 receptor agonists,299243.19999999995,273295308.16999996,260169.0,5868432.100000011,2395216376.3800006,5.099,11.41
2020,JANUVIA,SITAGLIPTIN,DPP-4 inhibitors,297029.2999999997,148116289.26999986,258711.0,5868432.100000011,2395216376.3800006,5.061,6.184
2020,OZEMPIC,SEMAGLUTIDE,GLP-1 receptor agonists,288446.0000000004,284301063.2200002,250820.0,5868432.100000011,2395216376.3800006,4.915,11.87
2020,VICTOZA,LIRAGLUTIDE,GLP-1 receptor agonists,210415.1000000002,179993037.11,182543.0,5868432.100000011,2395216376.3800006,3.586,7.515
2020,TRADJENTA,LINAGLIPTIN,DPP-4 inhibitors,194015.0999999998,94755620.81999992,168616.0,5868432.100000011,2395216376.3800006,3.306,3.956
2020,TRESIBA,INSULIN DEGLUDEC,Insulin,190411.59999999983,90926312.70999998,165404.0,5868432.100000011,2395216376.3800006,3.245,3.796
2020,INVOKANA,CANAGLIFLOZIN,SGLT2 inhibitors,161806.10000000027,88979564.93999998,140844.0,5868432.100000011,2395216376.3800006,2.757,3.715
2020,TOUJEO,INSULIN GLARGINE,Insulin,155814.09999999971,71344671.90999992,135128.0,5868432.100000011,2395216376.3800006,2.655,2.979
2020,PIOGLITAZONE HYDROCHLORIDE,PIOGLITAZONE HCL,Thiazolidinediones,125642.00000000001,4575995.410000001,109370.0,5868432.100000011,2395216376.3800006,2.141,0.191
2020,RYBELSUS,SEMAGLUTIDE,GLP-1 receptor agonists,97330.59999999999,93211273.30999982,84978.0,5868432.100000011,2395216376.3800006,1.659,3.892
2020,ONGLYZA,SAXAGLIPTIN,DPP-4 inhibitors,67518.90000000001,31670118.469999984,58594.0,5868432.100000011,2395216376.3800006,1.151,1.322
2020,STEGLATRO,ERTUGLIFLOZIN,SGLT2 inhibitors,53616.49999999998,17796682.290000003,46511.0,5868432.100000011,2395216376.3800006,0.914,0.743
2020,SYMLINPEN 120,PRAMLINTIDE ACETATE,Other diabetes therapies,25043.5,15639802.720000003,21722.0,5868432.100000011,2395216376.3800006,0.427,0.653
2020,CYCLOSET,BROMOCRIPTINE MESYLATE,Other diabetes therapies,14219.899999999996,4575118.200000001,12364.0,5868432.100000011,2395216376.3800006,0.242,0.191
2021,METFORMIN HYDROCHLORIDE,METFORMIN HCL,Biguanides,956603.8000000011,25888505.430000003,831066.0,6079227.700000063,2770755294.1199913,15.736,0.934
2021,JARDIANCE,EMPAGLIFLOZIN,SGLT2 inhibitors,565904.4000000001,348335723.98999965,490847.0,6079227.700000063,2770755294.1199913,9.309,12.572
2021,FARXIGA,DAPAGLIFLOZIN,SGLT2 inhibitors,474692.30000000045,281905940.0499997,412406.0,6079227.700000063,2770755294.1199913,7.808,10.174
2021,OZEMPIC,SEMAGLUTIDE,GLP-1 receptor agonists,443379.70000000024,456186758.28999966,387136.0,6079227.700000063,2770755294.1199913,7.293,16.464
2021,LANTUS,INSULIN GLARGINE,Insulin,426484.8999999999,193463554.2699998,370150.0,6079227.700000063,2770755294.1199913,7.015,6.982
2021,GLIPIZIDE,GLIPIZIDE,Sulfonylureas,384129.6000000002,8303849.920000005,334218.0,6079227.700000063,2770755294.1199913,6.319,0.3
2021,TRULICITY,DULAGLUTIDE,GLP-1 receptor agonists,357964.7000000005,340712548.67999953,310960.0,6079227.700000063,2770755294.1199913,5.888,12.297
2021,HUMALOG,INSULIN LISPRO,Insulin,322513.4,132076118.97999999,280480.0,6079227.700000063,2770755294.1199913,5.305,4.767
2021,GLIMEPIRIDE,GLIMEPIRIDE,Sulfonylureas,321118.4000000001,6238096.639999991,277933.0,6079227.700000063,2770755294.1199913,5.282,0.225
2021,NOVOLOG,INSULIN ASPART,Insulin,290806.69999999984,122340970.83,253235.0,6079227.700000063,2770755294.1199913,4.784,4.415
2021,JANUVIA,SITAGLIPTIN,DPP-4 inhibitors,269147.30000000005,139854434.17999992,234727.0,6079227.700000063,2770755294.1199913,4.427,5.048
2021,VICTOZA,LIRAGLUTIDE,GLP-1 receptor agonists,193747.1999999998,171384016.5200001,168608.0,6079227.700000063,2770755294.1199913,3.187,6.185
2021,TRESIBA,INSULIN DEGLUDEC,Insulin,179961.39999999988,89419578.99000008,156478.0,6079227.700000063,2770755294.1199913,2.96,3.227
2021,TRADJENTA,LINAGLIPTIN,DPP-4 inhibitors,170240.79999999987,86391948.46999985,147658.0,6079227.700000063,2770755294.1199913,2.8,3.118
2021,TOUJEO,INSULIN GLARGINE,Insulin,165103.09999999995,78482703.96000016,144112.0,6079227.700000063,2770755294.1199913,2.716,2.833
2021,INVOKANA,CANAGLIFLOZIN,SGLT2 inhibitors,150503.09999999995,86317707.00999978,130752.0,6079227.700000063,2770755294.1199913,2.476,3.115
2021,RYBELSUS,SEMAGLUTIDE,GLP-1 receptor agonists,135348.49999999977,134690149.28999996,117876.0,6079227.700000063,2770755294.1199913,2.226,4.861
2021,PIOGLITAZONE HYDROCHLORIDE,PIOGLITAZONE HCL,Thiazolidinediones,127257.79999999992,4813455.810000007,110199.0,6079227.700000063,2770755294.1199913,2.093,0.174
2021,ONGLYZA,SAXAGLIPTIN,DPP-4 inhibitors,56086.29999999995,27269732.320000008,48793.0,6079227.700000063,2770755294.1199913,0.923,0.984
2021,STEGLATRO,ERTUGLIFLOZIN,SGLT2 inhibitors,53337.7,18402645.239999987,46283.0,6079227.700000063,2770755294.1199913,0.877,0.664
2021,SYMLINPEN 120,PRAMLINTIDE ACETATE,Other diabetes therapies,21118.899999999994,13666269.880000003,18385.0,6079227.700000063,2770755294.1199913,0.347,0.493
2021,CYCLOSET,BROMOCRIPTINE MESYLATE,Other diabetes therapies,13777.700000000017,4610585.370000002,12014.0,6079227.700000063,2770755294.1199913,0.227,0.166
2022,METFORMIN HYDROCHLORIDE,METFORMIN HCL,Biguanides,973716.7,27282574.14999998,848116.0,6412409.700000013,3219089491.1400003,15.185,0.848
2022,OZEMPIC,SEMAGLUTIDE,GLP-1 receptor agonists,645492.1000000003,686973947.0399991,560642.0,6412409.700000013,3219089491.1400003,10.066,21.341
2022,JARDIANCE,EMPAGLIFLOZIN,SGLT2 inhibitors,640278.5000000002,408798954.3100001,554320.0,6412409.700000013,3219089491.1400003,9.985,12.699
2022,FARXIGA,DAPAGLIFLOZIN,SGLT2 inhibitors,580062.4000000003,357551959.7,505165.0,6412409.700000013,3219089491.1400003,9.046,11.107
2022,TRULICITY,DULAGLUTIDE,GLP-1 receptor agonists,397475.69999999966,392427044.0900001,345044.0,6412409.700000013,3219089491.1400003,6.199,12.191
2022,GLIPIZIDE,GLIPIZIDE,Sulfonylureas,379587.29999999964,8505698.78,328226.0,6412409.700000013,3219089491.1400003,5.92,0.264
2022,LANTUS,INSULIN GLARGINE,Insulin,369516.00000000006,173875004.05000013,321080.0,6412409.700000013,3219089491.1400003,5.763,5.401
2022,HUMALOG,INSULIN LISPRO,Insulin,340797.09999999957,145114077.71000004,296447.0,6412409.700000013,3219089491.1400003,5.315,4.508
2022,GLIMEPIRIDE,GLIMEPIRIDE,Sulfonylureas,303422.49999999994,6100141.480000008,263084.0,6412409.700000013,3219089491.1400003,4.732,0.189
2022,NOVOLOG,INSULIN ASPART,Insulin,285650.69999999995,124768316.98999985,249179.0,6412409.700000013,3219089491.1400003,4.455,3.876
2022,JANUVIA,SITAGLIPTIN,DPP-4 inhibitors,246906.29999999993,132631141.79000007,214333.0,6412409.700000013,3219089491.1400003,3.85,4.12
2022,TRESIBA,INSULIN DEGLUDEC,Insulin,201640.39999999994,103911794.72000004,175964.0,6412409.700000013,3219089491.1400003,3.145,3.228
2022,RYBELSUS,SEMAGLUTIDE,GLP-1 receptor agonists,197228.40000000008,202836530.2299997,171224.0,6412409.700000013,3219089491.1400003,3.076,6.301
2022,TOUJEO,INSULIN GLARGINE,Insulin,162578.4,79994443.39000002,141055.0,6412409.700000013,3219089491.1400003,2.535,2.485
2022,TRADJENTA,LINAGLIPTIN,DPP-4 inhibitors,159886.5000000002,84239080.53999996,139006.0,6412409.700000013,3219089491.1400003,2.493,2.617
2022,VICTOZA,LIRAGLUTIDE,GLP-1 receptor agonists,153737.89999999994,141147831.4399998,133890.0,6412409.700000013,3219089491.1400003,2.398,4.385
2022,INVOKANA,CANAGLIFLOZIN,SGLT2 inhibitors,134075.80000000008,79594438.80999993,115945.0,6412409.700000013,3219089491.1400003,2.091,2.473
2022,PIOGLITAZONE HYDROCHLORIDE,PIOGLITAZONE HCL,Thiazolidinediones,109724.8999999999,4292957.2899999935,95183.0,6412409.700000013,3219089491.1400003,1.711,0.133
2022,STEGLATRO,ERTUGLIFLOZIN,SGLT2 inhibitors,55770.800000000076,19970318.339999992,48425.0,6412409.700000013,3219089491.1400003,0.87,0.62
2022,ONGLYZA,SAXAGLIPTIN,DPP-4 inhibitors,47000.99999999994,23727875.839999992,40928.0,6412409.700000013,3219089491.1400003,0.733,0.737
2022,SYMLINPEN 120,PRAMLINTIDE ACETATE,Other diabetes therapies,17358.100000000028,11681355.490000013,15063.0,6412409.700000013,3219089491.1400003,0.271,0.363
2022,CYCLOSET,BROMOCRIPTINE MESYLATE,Other diabetes therapies,10502.2,3664004.9599999986,9093.0,6412409.700000013,3219089491.1400003,0.164,0.114
2023,OZEMPIC,SEMAGLUTIDE,GLP-1 receptor agonists,974486.9999999993,1072602942.7600006,845092.0,6826679.200000014,3894069069.3599906,14.275,27.545
2023,METFORMIN HYDROCHLORIDE,METFORMIN HCL,Biguanides,930217.2999999997,27029057.260000058,809323.0,6826679.200000014,3894069069.3599906,13.626,0.694
2023,JARDIANCE,EMPAGLIFLOZIN,SGLT2 inhibitors,709211.7999999996,468150731.74000055,616411.0,6826679.200000014,3894069069.3599906,10.389,12.022
2023,FARXIGA,DAPAGLIFLOZIN,SGLT2 inhibitors,664835.5000000009,424109369.09999985,577025.0,6826679.200000014,3894069069.3599906,9.739,10.891
2023,TRULICITY,DULAGLUTIDE,GLP-1 receptor agonists,425001.5000000009,432838886.44999987,370374.0,6826679.200000014,3894069069.3599906,6.226,11.115
2023,LANTUS,INSULIN GLARGINE,Insulin,395972.69999999995,192866846.63999972,344561.0,6826679.200000014,3894069069.3599906,5.8,4.953
2023,NOVOLOG,INSULIN ASPART,Insulin,305032.5000000001,138300779.03000012,263867.0,6826679.200000014,3894069069.3599906,4.468,3.552
2023,GLIPIZIDE,GLIPIZIDE,Sulfonylureas,302801.9,7024587.850000001,261959.0,6826679.200000014,3894069069.3599906,4.436,0.18
2023,HUMALOG,INSULIN LISPRO,Insulin,288432.5999999997,127312934.53999983,251954.0,6826679.200000014,3894069069.3599906,4.225,3.269
2023,GLIMEPIRIDE,GLIMEPIRIDE,Sulfonylureas,284211.49999999994,5935154.730000004,247193.0,6826679.200000014,3894069069.3599906,4.163,0.152
2023,RYBELSUS,SEMAGLUTIDE,GLP-1 receptor agonists,277646.2999999997,296285777.50999993,241717.0,6826679.200000014,3894069069.3599906,4.067,7.609
2023,JANUVIA,SITAGLIPTIN,DPP-4 inhibitors,229453.89999999997,127254637.61000004,199673.0,6826679.200000014,3894069069.3599906,3.361,3.268
2023,TRESIBA,INSULIN DEGLUDEC,Insulin,216797.79999999976,115555695.36999999,187908.0,6826679.200000014,3894069069.3599906,3.176,2.967
2023,VICTOZA,LIRAGLUTIDE,GLP-1 receptor agonists,173049.8999999998,164903124.69000018,150361.0,6826679.200000014,3894069069.3599906,2.535,4.235
2023,TRADJENTA,LINAGLIPTIN,DPP-4 inhibitors,160409.00000000012,87420339.98000011,139223.0,6826679.200000014,3894069069.3599906,2.35,2.245
2023,TOUJEO,INSULIN GLARGINE,Insulin,146865.8,74934613.49999991,127274.0,6826679.200000014,3894069069.3599906,2.151,1.924
2023,INVOKANA,CANAGLIFLOZIN,SGLT2 inhibitors,121621.69999999987,74852234.55999988,105298.0,6826679.200000014,3894069069.3599906,1.782,1.922
2023,PIOGLITAZONE HYDROCHLORIDE,PIOGLITAZONE HCL,Thiazolidinediones,105673.70000000001,4283306.690000002,92386.0,6826679.200000014,3894069069.3599906,1.548,0.11
2023,STEGLATRO,ERTUGLIFLOZIN,SGLT2 inhibitors,54479.49999999999,20160341.77,47342.0,6826679.200000014,3894069069.3599906,0.798,0.518
2023,ONGLYZA,SAXAGLIPTIN,DPP-4 inhibitors,37672.50000000002,19693770.65,32855.0,6826679.200000014,3894069069.3599906,0.552,0.506
2023,SYMLINPEN 120,PRAMLINTIDE ACETATE,Other diabetes therapies,12948.3,9010607.779999997,11212.0,6826679.200000014,3894069069.3599906,0.19,0.231
2023,CYCLOSET,BROMOCRIPTINE MESYLATE,Other diabetes therapies,9856.5,3543329.1499999994,8574.0,6826679.200000014,3894069069.3599906,0.144,0.091
2024,OZEMPIC,SEMAGLUTIDE,GLP-1 receptor agonists,1357704.9000000013,1544919254.1499999,1180070.0,7654456.500000043,4894980728.6800165,17.737,31.561
2024,JARDIANCE,EMPAGLIFLOZIN,SGLT2 inhibitors,999744.7999999993,684756883.0600015,867939.0,7654456.500000043,4894980728.6800165,13.061,13.989
2024,METFORMIN HYDROCHLORIDE,METFORMIN HCL,Biguanides,875780.0,26192114.069999985,763677.0,7654456.500000043,4894980728.6800165,11.441,0.535
2024,FARXIGA,DAPAGLIFLOZIN,SGLT2 inhibitors,812879.3000000007,536558081.4999992,705884.0,7654456.500000043,4894980728.6800165,10.62,10.961
2024,TRULICITY,DULAGLUTIDE,GLP-1 receptor agonists,527055.1,557562057.6599995,460349.0,7654456.500000043,4894980728.6800165,6.886,11.39
2024,LANTUS,INSULIN GLARGINE,Insulin,380450.4999999995,191710501.7900002,331005.0,7654456.500000043,4894980728.6800165,4.97,3.916
2024,RYBELSUS,SEMAGLUTIDE,GLP-1 receptor agonists,357673.40000000026,395039033.4399999,310591.0,7654456.500000043,4894980728.6800165,4.673,8.07
2024,GLIPIZIDE,GLIPIZIDE,Sulfonylureas,308517.8000000003,7389738.819999997,268733.0,7654456.500000043,4894980728.6800165,4.031,0.151
2024,HUMALOG,INSULIN LISPRO,Insulin,295853.9999999998,134912873.99999982,257788.0,7654456.500000043,4894980728.6800165,3.865,2.756
2024,GLIMEPIRIDE,GLIMEPIRIDE,Sulfonylureas,272618.00000000006,5886657.999999997,236453.0,7654456.500000043,4894980728.6800165,3.562,0.12
2024,NOVOLOG,INSULIN ASPART,Insulin,270083.49999999994,125991052.69999991,235541.0,7654456.500000043,4894980728.6800165,3.528,2.574
2024,TRESIBA,INSULIN DEGLUDEC,Insulin,218632.89999999976,120917884.47999999,190141.0,7654456.500000043,4894980728.6800165,2.856,2.47
2024,TOUJEO,INSULIN GLARGINE,Insulin,187089.80000000005,98818554.57999998,162682.0,7654456.500000043,4894980728.6800165,2.444,2.019
2024,JANUVIA,SITAGLIPTIN,DPP-4 inhibitors,186657.4999999999,107461868.44000013,162074.0,7654456.500000043,4894980728.6800165,2.439,2.195
2024,VICTOZA,LIRAGLUTIDE,GLP-1 receptor agonists,160320.90000000005,157677803.83000025,139004.0,7654456.500000043,4894980728.6800165,2.094,3.221
2024,TRADJENTA,LINAGLIPTIN,DPP-4 inhibitors,131745.49999999983,74171414.4399999,114803.0,7654456.500000043,4894980728.6800165,1.721,1.515
2024,INVOKANA,CANAGLIFLOZIN,SGLT2 inhibitors,108414.49999999996,69127083.55000001,94384.0,7654456.500000043,4894980728.6800165,1.416,1.412
2024,PIOGLITAZONE HYDROCHLORIDE,PIOGLITAZONE HCL,Thiazolidinediones,91384.59999999987,3842325.12,79594.0,7654456.500000043,4894980728.6800165,1.194,0.078
2024,STEGLATRO,ERTUGLIFLOZIN,SGLT2 inhibitors,57122.30000000001,21958480.149999976,49694.0,7654456.500000043,4894980728.6800165,0.746,0.449
2024,ONGLYZA,SAXAGLIPTIN,DPP-4 inhibitors,33553.9,18142466.100000005,29155.0,7654456.500000043,4894980728.6800165,0.438,0.371
2024,SYMLINPEN 120,PRAMLINTIDE ACETATE,Other diabetes therapies,11668.200000000008,8404648.009999987,10107.0,7654456.500000043,4894980728.6800165,0.152,0.172
2024,CYCLOSET,BROMOCRIPTINE MESYLATE,Other diabetes therapies,9505.100000000013,3539950.79,8284.0,7654456.500000043,4894980728.6800165,0.124,0.072
