diabetes_class,year,fills,type
GLP-1 receptor agonists,2019,795852.1,actual
GLP-1 receptor agonists,2020,895434.9,actual
GLP-1 receptor agonists,2021,1130440.1,actual
GLP-1 receptor agonists,2022,1393934.100000001,actual
GLP-1 receptor agonists,2023,1850184.7,actual
GLP-1 receptor agonists,2024,2402754.3,actual
GLP-1 receptor agonists,2025,2955324.0,base_case
GLP-1 receptor agonists,2026,3507893.0,base_case
GLP-1 receptor agonists,2025,3396637.0,upside_case
GLP-1 receptor agonists,2026,4293635.0,upside_case
GLP-1 receptor agonists,2025,2690536.0,downside_case
GLP-1 receptor agonists,2026,2984066.0,downside_case
SGLT2 inhibitors,2019,880458.199999999,actual
SGLT2 inhibitors,2020,1065508.5999999992,actual
SGLT2 inhibitors,2021,1244437.500000001,actual
SGLT2 inhibitors,2022,1410187.5000000012,actual
SGLT2 inhibitors,2023,1550148.5,actual
SGLT2 inhibitors,2024,1978160.900000001,actual
SGLT2 inhibitors,2025,1939986.0,base_case
SGLT2 inhibitors,2026,2102177.0,base_case
SGLT2 inhibitors,2025,2207812.0,upside_case
SGLT2 inhibitors,2026,2537503.0,upside_case
SGLT2 inhibitors,2025,1779291.0,downside_case
SGLT2 inhibitors,2026,1811961.0,downside_case
DPP-4 inhibitors,2019,614840.2,actual
DPP-4 inhibitors,2020,558563.3,actual
DPP-4 inhibitors,2021,495474.3999999999,actual
DPP-4 inhibitors,2022,453793.7999999999,actual
DPP-4 inhibitors,2023,427535.4000000001,actual
DPP-4 inhibitors,2024,351956.9,actual
DPP-4 inhibitors,2025,330439.0,base_case
DPP-4 inhibitors,2026,288120.0,base_case
DPP-4 inhibitors,2025,359646.0,upside_case
DPP-4 inhibitors,2026,326319.0,upside_case
DPP-4 inhibitors,2025,312915.0,downside_case
DPP-4 inhibitors,2026,262653.0,downside_case
Insulin,2019,1496112.9,actual
Insulin,2020,1455941.6,actual
Insulin,2021,1384869.5,actual
Insulin,2022,1360182.6,actual
Insulin,2023,1353101.4,actual
Insulin,2024,1352110.7,actual
Insulin,2025,1352111.0,base_case
Insulin,2026,1352111.0,base_case
Insulin,2025,1352606.0,upside_case
Insulin,2026,1352853.0,upside_case
Insulin,2025,1351814.0,downside_case
Insulin,2026,1351616.0,downside_case
Biguanides,2019,876447.4,actual
Biguanides,2020,981701.199999999,actual
Biguanides,2021,956603.800000001,actual
Biguanides,2022,973716.700000001,actual
Biguanides,2023,930217.299999999,actual
Biguanides,2024,875780.0,actual
Biguanides,2025,932411.0,base_case
Biguanides,2026,932411.0,base_case
Biguanides,2025,959694.0,upside_case
Biguanides,2026,973335.0,upside_case
Biguanides,2025,916041.0,downside_case
Biguanides,2026,905128.0,downside_case
Sulfonylureas,2019,799976.0,actual
Sulfonylureas,2020,746377.0999999989,actual
Sulfonylureas,2021,705248.0,actual
Sulfonylureas,2022,683009.8,actual
Sulfonylureas,2023,587013.4,actual
Sulfonylureas,2024,581135.8,actual
Sulfonylureas,2025,546046.0,base_case
Sulfonylureas,2026,508233.0,base_case
Sulfonylureas,2025,548780.0,upside_case
Sulfonylureas,2026,512050.0,upside_case
Sulfonylureas,2025,544406.0,downside_case
Sulfonylureas,2026,505689.0,downside_case
