state,year,total_fills,total_spending,num_hcps,avg_hcp_volume,glp1_fills,glp1_market_share,national_fills,state_market_share,yoy_growth,quadrant
AZ,2024,297653.0,191908279.55,170,344.107514450867,94488.7,31.74,7654456.5,3.89,4.47,Mature
CA,2024,1106401.8,691961413.78,642,355.071181001283,330213.2,29.85,7654456.5,14.45,16.79,Emerging
FL,2024,776261.2,511339229.83,456,346.390539937528,257929.5,33.23,7654456.5,10.14,16.99,Priority
GA,2024,398142.6,245988622.47,206,386.546213592233,114938.5,28.87,7654456.5,5.2,23.36,Emerging
IL,2024,406434.8,235174015.7,262,338.978148457047,98007.6,24.11,7654456.5,5.31,2.91,Low priority
IN,2024,358565.0,225876124.29,232,319.292074799644,112084.5,31.26,7654456.5,4.68,12.95,Emerging
MA,2024,308660.2,211747746.8,169,363.557361601885,113703.9,36.84,7654456.5,4.03,12.8,Mature
MI,2024,303720.3,181488210.45,197,314.410248447205,90874.7,29.92,7654456.5,3.97,7.15,Low priority
NC,2024,311665.3,197091884.78,222,296.259790874525,93329.1,29.95,7654456.5,4.07,-3.42,Low priority
NY,2024,659373.4,456620012.39,366,369.603923766816,239611.4,36.34,7654456.5,8.61,18.61,Priority
OH,2024,475505.200000001,294109732.92,268,368.894647013189,136652.8,28.74,7654456.5,6.21,14.03,Emerging
PA,2024,607589.799999999,393608091.18,341,362.307573047108,190695.8,31.39,7654456.5,7.94,11.24,Mature
TN,2024,359364.4,240981162.5,173,430.376526946107,119724.5,33.32,7654456.5,4.69,25.12,Priority
TX,2024,1012743.7,648564110.42,561,374.535392011834,326991.6,32.29,7654456.5,13.23,7.09,Mature
VA,2024,272375.8,168522091.62,204,280.51060762101,83508.4999999999,30.66,7654456.5,3.56,3.19,Low priority
