state,year,total_fills,total_spending,num_hcps,avg_hcp_volume,glp1_fills,glp1_market_share,national_fills,state_market_share,yoy_growth
AZ,2019,210879.9,86185762.8200001,170,247.221453692849,35880.0,17.01,5652077.299999997,3.73,
AZ,2020,221056.5,88719693.53,169,249.218151071026,30251.1,13.68,5868432.099999998,3.77,4.83
AZ,2021,217965.3,92211805.4699999,170,265.811341463414,36904.5,16.93,6079227.700000001,3.59,-1.4
AZ,2022,267745.2,132466463.64,168,295.198676957001,62274.1,23.26,6412409.699999999,4.18,22.84
AZ,2023,284912.7,171879221.7,170,323.396935300795,89103.9,31.27,6826679.200000004,4.17,6.41
AZ,2024,297653.0,191908279.55,170,344.107514450867,94488.7,31.74,7654456.5,3.89,4.47
CA,2019,824611.999999999,310094961.660001,646,254.196054254007,110292.2,13.38,5652077.299999997,14.59,
CA,2020,878263.999999998,357392447.849999,644,277.229797979797,140902.3,16.04,5868432.099999998,14.97,6.51
CA,2021,883619.399999999,404854269.56,645,270.468135904499,161582.3,18.29,6079227.700000001,14.54,0.61
CA,2022,979663.899999998,496508300.16,643,307.780050267043,214224.9,21.87,6412409.699999999,15.28,10.87
CA,2023,947312.500000001,544981278.39,644,301.787989805671,258574.7,27.3,6826679.200000004,13.88,-3.3
CA,2024,1106401.8,691961413.78,642,355.071181001283,330213.2,29.85,7654456.5,14.45,16.79
FL,2019,528129.2,213367209.7,458,229.421894005213,86633.8,16.4,5652077.299999997,9.34,
FL,2020,607872.5,255773410.4,458,255.730963399243,99123.6000000002,16.31,5868432.099999998,10.36,15.1
FL,2021,608552.700000001,292303553.409999,457,258.628431789206,130986.9,21.52,6079227.700000001,10.01,0.11
FL,2022,637191.999999999,326405372.84,459,270.68479184367,147221.6,23.1,6412409.699999999,9.94,4.71
FL,2023,663536.400000002,401702091.730001,457,301.470422535212,198869.0,29.97,6826679.200000004,9.72,4.13
FL,2024,776261.2,511339229.83,456,346.390539937528,257929.5,33.23,7654456.5,10.14,16.99
GA,2019,292695.1,104557105.97,207,277.436113744076,36462.5,12.46,5652077.299999997,5.18,
GA,2020,313309.6,134023409.41,207,291.179925650558,56163.4,17.93,5868432.099999998,5.34,7.04
GA,2021,301499.8,143775142.28,206,302.40702106319,58313.4,19.34,6079227.700000001,4.96,-3.77
GA,2022,325900.900000001,159822795.23,207,309.497530864198,61627.6,18.91,6412409.699999999,5.08,8.09
GA,2023,322754.2,185057376.67,207,333.423760330578,95939.5,29.73,6826679.200000004,4.73,-0.97
GA,2024,398142.6,245988622.47,206,386.546213592233,114938.5,28.87,7654456.5,5.2,23.36
IL,2019,296060.1,116915320.9,267,224.118168054504,41163.1,13.9,5652077.299999997,5.24,
IL,2020,338576.800000001,136574809.62,267,257.865041888805,50445.9,14.9,5868432.099999998,5.77,14.36
IL,2021,381501.4,165162722.73,267,276.65076142132,63240.6,16.58,6079227.700000001,6.28,12.68
IL,2022,366862.5,181163213.55,267,288.86811023622,74840.9,20.4,6412409.699999999,5.72,-3.84
IL,2023,394937.2,222094048.23,267,306.866511266512,97678.6000000001,24.73,6826679.200000004,5.79,7.65
IL,2024,406434.8,235174015.7,262,338.978148457047,98007.6,24.11,7654456.5,5.31,2.91
IN,2019,264300.2,101940329.67,234,228.238514680484,37754.4,14.28,5652077.299999997,4.68,
IN,2020,273254.5,111102215.56,232,242.461845607808,47547.6,17.4,5868432.099999998,4.66,3.39
IN,2021,277039.4,121471172.08,233,238.211006018917,46133.7,16.65,6079227.700000001,4.56,1.39
IN,2022,305298.499999999,160184718.25,234,266.171316477768,69358.7,22.72,6412409.699999999,4.76,10.2
IN,2023,317466.700000001,179448725.01,234,263.676661129569,84104.2,26.49,6826679.200000004,4.65,3.99
IN,2024,358565.0,225876124.29,232,319.292074799644,112084.5,31.26,7654456.5,4.68,12.95
MA,2019,218646.9,76510029.2200001,170,254.240581395349,26475.0,12.11,5652077.299999997,3.87,
MA,2020,228460.0,87247197.2999999,171,271.330166270784,28619.1,12.53,5868432.099999998,3.89,4.49
MA,2021,241111.0,109692399.78,171,284.664698937426,49014.4,20.33,6079227.700000001,3.97,5.54
MA,2022,266933.4,150771783.27,170,309.308690614137,72059.2,27.0,6412409.699999999,4.16,10.71
MA,2023,273630.8,148018785.45,171,312.720914285715,74327.3,27.16,6826679.200000004,4.01,2.51
MA,2024,308660.2,211747746.8,169,363.557361601885,113703.9,36.84,7654456.5,4.03,12.8
MI,2019,218733.9,81385391.1400001,197,227.138006230529,30140.3,13.78,5652077.299999997,3.87,
MI,2020,270508.7,109561275.83,197,264.426881720431,41202.5,15.23,5868432.099999998,4.61,23.67
MI,2021,251558.6,112075955.38,198,274.627292576419,44135.0,17.54,6079227.700000001,4.14,-7.01
MI,2022,241076.6,117772308.87,198,262.610675381263,49556.2,20.56,6412409.699999999,3.76,-4.17
MI,2023,283459.0,158165608.36,197,289.539325842696,69633.2,24.57,6826679.200000004,4.15,17.58
MI,2024,303720.3,181488210.45,197,314.410248447205,90874.7,29.92,7654456.5,3.97,7.15
NC,2019,259441.9,101764404.88,224,228.784744268078,42618.7,16.43,5652077.299999997,4.59,
NC,2020,246202.4,105976040.49,224,226.91465437788,40340.7,16.39,5868432.099999998,4.2,-5.1
NC,2021,268454.0,122626054.25,224,244.271155595996,52852.9,19.69,6079227.700000001,4.42,9.04
NC,2022,283567.4,134904284.44,223,260.871573137075,53386.0,18.83,6412409.699999999,4.42,5.63
NC,2023,322692.0,182245748.72,225,288.633273703041,91645.5,28.4,6826679.200000004,4.73,13.8
NC,2024,311665.3,197091884.78,222,296.259790874525,93329.1,29.95,7654456.5,4.07,-3.42
NY,2019,493105.7,186013083.55,368,256.959718603439,73583.9,14.92,5652077.299999997,8.72,
NY,2020,483405.3,191731785.56,366,263.149319542732,71769.3,14.85,5868432.099999998,8.24,-1.97
NY,2021,518810.999999999,241113824.46,367,279.984349703184,97741.9,18.84,6079227.700000001,8.53,7.32
NY,2022,518536.7,258646426.22,368,282.427396514161,114022.8,21.99,6412409.699999999,8.09,-0.05
NY,2023,555906.399999999,314642510.389999,368,316.215244596132,147631.5,26.56,6826679.200000004,8.14,7.21
NY,2024,659373.4,456620012.39,366,369.603923766816,239611.4,36.34,7654456.5,8.61,18.61
OH,2019,337115.2,128367434.96,269,246.970842490842,47880.6,14.2,5652077.299999997,5.96,
OH,2020,349879.4,137287914.05,269,257.264264705882,47899.2,13.69,5868432.099999998,5.96,3.79
OH,2021,363398.100000001,156629618.62,267,270.788450074516,61306.1,16.87,6079227.700000001,5.98,3.86
OH,2022,374265.2,181752271.51,269,280.558620689655,79737.5,21.31,6412409.699999999,5.84,2.99
OH,2023,417007.3,234100784.91,267,332.012181528662,104138.8,24.97,6826679.200000004,6.11,11.42
OH,2024,475505.200000001,294109732.92,268,368.894647013189,136652.8,28.74,7654456.5,6.21,14.03
PA,2019,458411.6,167962076.5,345,265.131058415269,59970.6,13.08,5652077.299999997,8.11,
PA,2020,450321.1,183650783.71,344,259.700749711649,66459.5,14.76,5868432.099999998,7.67,-1.76
PA,2021,485644.000000001,224670695.52,342,277.987406983401,93557.5,19.26,6079227.700000001,7.99,7.84
PA,2022,509958.500000001,254080137.44,345,294.263416041547,106106.4,20.81,6412409.699999999,7.95,5.01
PA,2023,546188.400000001,305000253.920001,344,324.725564803805,146800.0,26.88,6826679.200000004,8.0,7.1
PA,2024,607589.799999999,393608091.18,341,362.307573047108,190695.8,31.39,7654456.5,7.94,11.24
TN,2019,266988.4,95846969.9099999,173,315.21652892562,31095.7,11.65,5652077.299999997,4.72,
TN,2020,260274.5,107471185.05,173,318.573439412484,39562.4,15.2,5868432.099999998,4.44,-2.51
TN,2021,235614.4,111646870.32,172,296.370314465409,46111.2,19.57,6079227.700000001,3.88,-9.47
TN,2022,264956.9,132851190.24,173,300.064439411099,56517.6,21.33,6412409.699999999,4.13,12.45
TN,2023,287218.1,163955967.8,173,348.989185905224,78418.8,27.3,6826679.200000004,4.21,8.4
TN,2024,359364.4,240981162.5,173,430.376526946107,119724.5,33.32,7654456.5,4.69,25.12
TX,2019,721941.299999998,282564131.12,559,255.283345120226,106358.8,14.73,5652077.299999997,12.77,
TX,2020,724279.799999999,299061414.790001,561,249.493558387874,107589.8,14.85,5868432.099999998,12.34,0.32
TX,2021,810700.4,371452356.790001,562,281.005337954939,149019.3,18.38,6079227.700000001,13.34,11.93
TX,2022,829694.300000001,419204721.45,561,295.369989320043,188624.9,22.73,6412409.699999999,12.94,2.34
TX,2023,945705.5,539973897.710001,561,327.120546523694,252022.1,26.65,6826679.200000004,13.85,13.98
TX,2024,1012743.7,648564110.42,561,374.535392011834,326991.6,32.29,7654456.5,13.23,7.09
VA,2019,261015.9,94011005.31,206,249.537189292543,29542.5,11.32,5652077.299999997,4.62,
VA,2020,222767.0,89642793.2299999,206,224.337361530715,27558.5,12.37,5868432.099999998,3.8,-14.65
VA,2021,233758.2,101068853.47,205,238.528775510204,39540.4,16.92,6079227.700000001,3.85,4.93
VA,2022,240757.7,112555504.03,204,238.37396039604,44375.7,18.43,6412409.699999999,3.75,2.99
VA,2023,263952.0,142802770.37,205,262.37773359841,61297.6,23.22,6826679.200000004,3.87,9.63
VA,2024,272375.8,168522091.62,204,280.51060762101,83508.4999999999,30.66,7654456.5,3.56,3.19
