year,diabetes_class,class_fills,class_spending,class_claims,market_share,yoy_growth,avg_cost_per_fill
2019,Biguanides,876447.4,21914504.49,762822.0,15.51,,25.0
2020,Biguanides,981701.199999999,25461256.47,853922.0,16.73,12.01,25.94
2021,Biguanides,956603.800000001,25888505.43,831066.0,15.74,-2.56,27.06
2022,Biguanides,973716.700000001,27282574.15,848116.0,15.18,1.79,28.02
2023,Biguanides,930217.299999999,27029057.26,809323.0,13.63,-4.47,29.06
2024,Biguanides,875780.0,26192114.07,763677.0,11.44,-5.85,29.91
2019,DPP-4 inhibitors,614840.2,290733767.2000001,535743.0,10.88,,472.86
2020,DPP-4 inhibitors,558563.3,274542028.55999994,485921.0,9.52,-9.15,491.51
2021,DPP-4 inhibitors,495474.3999999999,253516114.9699999,431178.0,8.15,-11.29,511.66
2022,DPP-4 inhibitors,453793.7999999999,240598098.1700001,394267.0,7.08,-8.41,530.19
2023,DPP-4 inhibitors,427535.4000000001,234368748.2400001,371751.0,6.26,-5.79,548.19
2024,DPP-4 inhibitors,351956.9,199775748.98,306032.0,4.6,-17.68,567.61
2019,GLP-1 receptor agonists,795852.1,704345920.9900001,690735.0,14.08,,885.02
2020,GLP-1 receptor agonists,895434.9,830800681.81,778510.0,15.26,12.51,927.82
2021,GLP-1 receptor agonists,1130440.1,1102973472.78,984580.0,18.6,26.24,975.7
2022,GLP-1 receptor agonists,1393934.100000001,1423385352.8,1210800.0,21.74,23.31,1021.13
2023,GLP-1 receptor agonists,1850184.7,1966630731.4099998,1607544.0,27.1,32.73,1062.94
2024,GLP-1 receptor agonists,2402754.3,2655198149.080001,2090014.0,31.39,29.87,1105.06
2019,Insulin,1496112.9,612728928.7599999,1301677.0,26.47,,409.55
2020,Insulin,1455941.6,622507810.4100002,1263480.0,24.81,-2.69,427.56
2021,Insulin,1384869.5,615782927.03,1204455.0,22.78,-4.88,444.65
2022,Insulin,1360182.6,627663636.8600001,1183725.0,21.21,-1.78,461.46
2023,Insulin,1353101.4,648970869.08,1175564.0,19.82,-0.52,479.62
2024,Insulin,1352110.7,672350867.55,1177157.0,17.66,-0.07,497.26
2019,Other diabetes therapies,43833.3,21216556.45999999,38049.0,0.78,,484.03
2020,Other diabetes therapies,39263.4,20214920.92,34086.0,0.67,-10.43,514.85
2021,Other diabetes therapies,34896.600000000006,18276855.25,30399.0,0.57,-11.12,523.74
2022,Other diabetes therapies,27860.3,15345360.45,24156.0,0.43,-20.16,550.8
2023,Other diabetes therapies,22804.8,12553936.92999999,19786.0,0.33,-18.15,550.5
2024,Other diabetes therapies,21173.30000000001,11944598.8,18391.0,0.28,-7.15,564.13
2019,SGLT2 inhibitors,880458.199999999,476231924.1200001,767518.0,15.58,,540.89
2020,SGLT2 inhibitors,1065508.5999999992,602329205.75,927578.0,18.16,21.02,565.3
2021,SGLT2 inhibitors,1244437.500000001,734962016.29,1080288.0,20.47,16.79,590.6
2022,SGLT2 inhibitors,1410187.5000000012,865915671.1599998,1223855.0,21.99,13.32,614.04
2023,SGLT2 inhibitors,1550148.5,987272677.169999,1346076.0,22.71,9.92,636.89
2024,SGLT2 inhibitors,1978160.900000001,1312400528.260001,1717901.0,25.84,27.61,663.44
2019,Sulfonylureas,799976.0,15248965.8,696003.0,14.15,,19.06
2020,Sulfonylureas,746377.0999999989,14784477.05000001,649196.0,12.72,-6.7,19.81
2021,Sulfonylureas,705248.0,14541946.559999999,612151.0,11.6,-5.51,20.62
2022,Sulfonylureas,683009.8,14605840.26000001,591310.0,10.65,-3.15,21.38
2023,Sulfonylureas,587013.4,12959742.58,509152.0,8.6,-14.05,22.08
2024,Sulfonylureas,581135.8,13276396.82,505186.0,7.59,-1.0,22.85
2019,Thiazolidinediones,144557.2,5064649.49,125738.0,2.56,,35.04
2020,Thiazolidinediones,125642.0,4575995.40999999,109370.0,2.14,-13.08,36.42
2021,Thiazolidinediones,127257.8,4813455.81000001,110199.0,2.09,1.29,37.82
2022,Thiazolidinediones,109724.9,4292957.29,95183.0,1.71,-13.78,39.12
2023,Thiazolidinediones,105673.7,4283306.69,92386.0,1.55,-3.69,40.53
2024,Thiazolidinediones,91384.5999999999,3842325.12,79594.0,1.19,-13.52,42.05
